substitution,0uM,4uM,100uM,pool,mumax_0uM,mumax_4uM,mumax_100uM
WT,0.0,9.0,6.0,15,,0.09945373066628097,0.34506770327618036
C333F,1.0,5.0,0.0,6,0.0,0.4662000585008991,
A353V,0.0,4.0,2.0,6,,0.11354086099999999,0.21068741642904348
A98V,2.0,7.0,2.0,11,0.0,0.4512188453915618,0.5181621401307563
N131S,3.0,7.0,3.0,13,0.0,0.5103486668783409,0.30323730109706815
V287A,6.0,23.0,14.0,43,0.0,0.35423466864966197,0.4377479166557618
A275T,15.0,34.0,26.0,75,0.0,0.3232235537773662,0.4632084777471191
D364G,3.0,3.0,1.0,7,0.0,0.32627769454595346,0.6118326118326114
A51V,12.0,26.0,27.0,65,0.0,0.31747290785374793,0.44674798019702733
A51T,47.0,66.0,79.0,192,0.0,0.3650222565774674,0.40386106914988
V196I,1.0,2.0,7.0,10,0.0,0.5617565014941472,0.44307521363979874
L110F,4.0,1.0,1.0,6,0.0,0.1532364597093791,0.3789020452099028
T138I,4.0,1.0,3.0,8,0.0,0.427525622,0.4484658684940401
