barcode,Count,NT_substitutions,NT_substitutions_count,AA_substitutions_nonsynonymous,AA_substitutions_synonymous,AA_substitutions_nonsynonymous_count
HTS10_A1_10,68,"T73C, T594C, T598C, G823A",4,"S25P, A275T","T594C, T598C",2
HTS10_A1_11,40,"A121G, T763C",2,"R41G, S255P",,2
HTS10_A1_13,72,G151A,1,A51T,,1
HTS10_A1_14,47,"G151A, G184A, C368T",3,"A51T, V62I, A123V",,3
HTS10_A1_15,55,"C413T, T435C",2,T138I,T435C,1
HTS10_A1_18,55,"G151A, T180C, C293T, T606C",4,"A51T, A98V","T180C, T606C",2
HTS10_A1_19,47,"G151A, C293T",2,"A51T, A98V",,2
HTS10_A1_21,97,"G151A, T270C, T860C",3,"A51T, V287A",T270C,2
HTS10_A1_22,58,"G151A, C413T, T435C, T707C, T728C, T982C, T1087C",7,"A51T, T138I, M236T, V243A, C328R, S363P",T435C,6
HTS10_A1_24,45,"G151A, T270C, T860C",3,"A51T, V287A",T270C,2
HTS10_A1_2,23,"G151A, C293T, T860C",3,"A51T, A98V, V287A",,3
HTS10_A1_3,40,"C413T, T435C, T630C",3,T138I,"T435C, T630C",1
HTS10_A1_4,17,"T66C, G151A, T435C, T870C",4,A51T,"T66C, T435C, T870C",1
HTS10_A1_6,92,"G151A, T564C, G823A, T997C",4,"A51T, A275T, C333R",T564C,3
HTS10_A1_7,16,"T219C, G279A, T542C, G823A",4,"V181A, A275T","T219C, G279A",2
HTS10_A1_8,27,"T69C, G151A",2,A51T,T69C,1
HTS10_A1_9,46,G151A,1,A51T,,1
HTS10_A2_10,100,"G151A, C293T, T612C",3,"A51T, A98V",T612C,2
HTS10_A2_12,38,"A123G, G151A, T177C, G330T, T504C, G743A, T903C",7,"A51T, L110F, G248D","A123G, T177C, T504C, T903C",3
HTS10_A2_13,45,G151A,1,A51T,,1
HTS10_A2_14,51,"T78C, T103C, G151A, T176C, T763C, T816C",6,"S35P, A51T, V59A, S255P","T78C, T816C",4
HTS10_A2_16,30,"C152T, T234C, A723G, G823A, G967A",5,"A51V, A275T, E323K","T234C, A723G",3
HTS10_A2_18,20,"T135C, G151A, G218C, T860C, C975T",5,"A51T, G73A, V287A","T135C, C975T",3
HTS10_A2_19,18,"T147C, G151A, T210C, C293T",4,"A51T, A98V","T147C, T210C",2
HTS10_A2_1,71,"G151A, C293T",2,"A51T, A98V",,2
HTS10_A2_20,48,"C152T, T650C, T1101C",3,"A51V, V217A",T1101C,2
HTS10_A2_21,46,"G151A, G319A, T834C",3,"A51T, A107T",T834C,2
HTS10_A2_22,49,"T135C, G151A, G218C, C293T, T393C, T843C, A1091G",7,"A51T, G73A, A98V, D364G","T135C, T393C, T843C",4
HTS10_A2_23,50,"C152T, G553A, T555C",3,"A51V, V185I",,2
HTS10_A2_24,51,"G151A, G823A",2,"A51T, A275T",,2
HTS10_A2_2,47,"C152T, T189C, G823A",3,"A51V, A275T",T189C,2
HTS10_A2_3,13,"A39G, G151A, G165A, T517C",4,"A51T, W173R","A39G, G165A",2
HTS10_A2_4,75,"G151A, C293T",2,"A51T, A98V",,2
HTS10_A2_5,13,"C152T, A392G, G657A, G823A",4,"A51V, N131S, A275T",G657A,3
HTS10_A2_7,17,G151A,1,A51T,,1
HTS10_A2_8,28,"G151A, T636C, G823A, G998T",4,"A51T, A275T, C333F",T636C,3
HTS10_A2_9,20,"T135C, G151A, G218C, C488T",4,"A51T, G73A, A163V",T135C,3
HTS10_A3_10,11,"G151A, T219C, T860C",3,"A51T, V287A",T219C,2
HTS10_A3_11,16,"G151A, T537C, T677C",3,"A51T, I226T",T537C,2
HTS10_A3_12,13,"T130C, T150C, G151A, G370A, T645C",5,"S44P, A51T, V124I","T150C, T645C",3
HTS10_A3_13,21,G292A,1,A98T,,1
HTS10_A3_14,38,"T198C, T249C, G851A, T860C, T942C, A1081G",6,"W284*, V287A, T361A","T198C, T249C, T942C",3
HTS10_A3_15,74,G151A,1,A51T,,1
HTS10_A3_16,42,"C152T, T776C, G823A, T884C",4,"A51V, I259T, A275T, L295S",,4
HTS10_A3_18,36,"G151A, T176C, T537C, A631G",4,"A51T, V59A, T211A",T537C,3
HTS10_A3_19,52,"G25A, G151A, T190C, T537C",4,"A9T, A51T","T190C, T537C",2
HTS10_A3_1,28,"G151A, T537C",2,A51T,T537C,1
HTS10_A3_20,44,"T108C, G151A, T537C, T651C",4,A51T,"T108C, T537C, T651C",1
HTS10_A3_21,44,"G151A, T537C",2,A51T,T537C,1
HTS10_A3_22,118,"G151A, T266C, T537C",3,"A51T, F89S",T537C,2
HTS10_A3_23,11,"C37A, C38A, G151A, T298C, T594C, A1081G",6,"P13K, A51T, S100P, T361A",T594C,4
HTS10_A3_24,46,"T31C, G151A, T190C",3,A51T,"T31C, T190C",1
HTS10_A3_2,54,"G151A, T537C",2,A51T,T537C,1
HTS10_A3_3,57,"T78C, G151A, A1039G, T1053C",4,"A51T, R347G","T78C, T1053C",2
HTS10_A3_4,37,"G151A, T537C",2,A51T,T537C,1
HTS10_A3_5,14,"C152T, G823A",2,"A51V, A275T",,2
HTS10_A3_6,10,"C152T, T999C",2,A51V,T999C,1
HTS10_A3_8,14,"G151A, T537C",2,A51T,T537C,1
HTS10_A3_9,83,"T130C, G151A, T177C, A335G, T860C",5,"S44P, A51T, E112G, V287A",T177C,4
HTS10_A4_11,16,"G151A, T456C, T588C, T655C, A936G, A1004G, C1007T",7,"A51T, K335R, P336L","T456C, T588C, T655C, A936G",3
HTS10_A4_12,23,"G823A, T1070C, T1080C",3,"A275T, V357A",T1080C,2
HTS10_A4_14,11,"T46C, T136C, G151A, T588C, T655C, G964A",6,"F16L, A51T, D322N","T136C, T588C, T655C",3
HTS10_A4_15,86,"G151A, T203C, T219C, T332C, T588C, T655C, A1004G, C1007T",8,"A51T, V68A, M111T, K335R, P336L","T219C, T588C, T655C",5
HTS10_A4_16,22,"G151A, T860C",2,"A51T, V287A",,2
HTS10_A4_22,28,"C152T, A220G, G823A",3,"A51V, I74V, A275T",,3
HTS10_A4_3,32,"G151A, T456C, T588C, T849C",4,A51T,"T456C, T588C, T849C",1
HTS10_A4_4,41,"G151A, A230G, A250G, T376C, T728C, A1004G, C1007T",7,"A51T, Y77C, T84A, S126P, V243A, K335R, P336L",,7
HTS10_A4_5,24,"G139A, C152T, T529C, G796A, G823A, T921C",6,"A47T, A51V, S177P, V266I, A275T",T921C,5
HTS10_A4_6,16,"G106T, C152T, G823A, A968G, T999C",5,"G36C, A51V, A275T, E323G",T999C,4
HTS10_A4_7,16,"G151A, G583A, T588C, T655C, A1004G, C1007T",6,"A51T, A195T, K335R, P336L","T588C, T655C",4
HTS10_A4_9,26,"G151A, T588C, T655C, A1004G, C1007T",5,"A51T, K335R, P336L","T588C, T655C",3
HTS10_A5_10,99,"G151A, T163C, C1058T",3,"A51T, A353V",T163C,2
HTS10_A5_11,108,"G151A, A335G",2,"A51T, E112G",,2
HTS10_A5_13,137,"G151A, G160A, G452A, T598C, T630C, G823A, A1091G",7,"A51T, A54T, C151Y, A275T, D364G","T598C, T630C",5
HTS10_A5_14,41,"G151A, G184A, C368T",3,"A51T, V62I, A123V",,3
HTS10_A5_17,87,"G151A, C914T",2,"A51T, A305V",,2
HTS10_A5_18,97,G151A,1,A51T,,1
HTS10_A5_19,30,"T108C, G151A, A335G, T449C, C1058T",5,"A51T, E112G, V150A, A353V",T108C,4
HTS10_A5_20,92,"G151A, T224C, C293T, T800C, T834C, T843C",6,"A51T, V75A, A98V, V267A","T834C, T843C",4
HTS10_A5_21,99,"G151A, T304C, T937C, T957C, T1089C",5,A51T,"T304C, T937C, T957C, T1089C",1
HTS10_A5_23,121,"G151A, A525G, T937C, C1058T",4,"A51T, A353V","A525G, T937C",2
HTS10_A5_24,73,"G823A, G998T, T1089C",3,"A275T, C333F",T1089C,2
HTS10_A5_2,120,"G139A, G151A, T304C",3,"A47T, A51T",T304C,2
HTS10_A5_3,141,"C152T, T265C, A473G",3,"A51V, F89L, D158G",,3
HTS10_A5_4,109,"G151A, T407A, G823A",3,"A51T, I136N, A275T",,3
HTS10_A5_5,105,"G151A, T198C, G600A, T684C, T879C, C1058T",6,"A51T, A353V","T198C, G600A, T684C, T879C",2
HTS10_A5_6,105,"C152T, T957C",2,A51V,T957C,1
HTS10_A5_8,138,"G151A, A335G, C401T, T469C",4,"A51T, E112G, T134I",T469C,3
HTS10_A5_9,100,"G151A, A631G, G823A, C1058T",4,"A51T, T211A, A275T, A353V",,4
HTS10_A6_10,77,"T67C, G151A, T1014C",3,"Y23H, A51T",T1014C,2
HTS10_A6_12,141,"C70T, G151A, T594C, T801C, T1089C",5,"P24S, A51T","T594C, T801C, T1089C",2
HTS10_A6_13,158,"T32C, T46C, G218C, T616C, G823A, T1027C",6,"L11S, F16L, G73A, S206P, A275T, S343P",,6
HTS10_A6_14,124,"C152T, T189C, G423A, G823A",4,"A51V, M141I, A275T",T189C,3
HTS10_A6_15,109,"T63C, G151A, T198C",3,A51T,"T63C, T198C",1
HTS10_A6_16,21,"T594C, A688G, G823A, T927C, C1058T, T1077C, T1089C",7,"T230A, A275T, A353V","T594C, T927C, T1077C, T1089C",3
HTS10_A6_17,84,"G151A, T219C, T594C, G743C, T915C, G967A, T1009C",7,"A51T, G248A, E323K, C337R","T219C, T594C, T915C",4
HTS10_A6_18,118,"T461C, T594C, G998T, T1089C",4,"V154A, C333F","T594C, T1089C",2
HTS10_A6_19,39,"G151A, A220G, T594C, G743C, T915C, G967A, T1009C",7,"A51T, I74V, G248A, E323K, C337R","T594C, T915C",5
HTS10_A6_1,111,"G36A, C152T, T372C, G823A",4,"A51V, A275T","G36A, T372C",2
HTS10_A6_20,82,G151A,1,A51T,,1
HTS10_A6_21,86,"G151A, T536C, G823A, T849C",4,"A51T, V179A, A275T",T849C,3
HTS10_A6_23,79,G151A,1,A51T,,1
HTS10_A6_2,127,"G151A, T289C, T304C, C381T, G823A, T1027C",6,"A51T, A275T, S343P","T289C, T304C, C381T",3
HTS10_A6_3,142,"G151A, G743C, A844G, T915C, G967A",5,"A51T, G248A, I282V, E323K",T915C,4
HTS10_A6_4,159,"C152T, G823A, A1091G",3,"A51V, A275T, D364G",,3
HTS10_A6_5,131,"C152T, T304C, T363C, A1022G",4,"A51V, D341G","T304C, T363C",2
HTS10_A6_7,203,"C152T, T594C, G743C, T915C",4,"A51V, G248A","T594C, T915C",2
HTS10_A6_8,91,"T141C, C152T, A424G, G823A",4,"A51V, M142V, A275T",T141C,3
HTS10_B1_10,79,"C152T, T329C, G823A, T831C",4,"A51V, L110S, A275T",T831C,3
HTS10_B1_11,123,"G151A, C293T, T658C, G823A, T1014C, T1080C, T1095C",7,"A51T, A98V, F220L, A275T","T1014C, T1080C, T1095C",4
HTS10_B1_13,106,"C152T, T176C, T351C, T684C, G823A, G964A",6,"A51V, V59A, A275T, D322N","T351C, T684C",4
HTS10_B1_14,10,"G151A, G823A",2,"A51T, A275T",,2
HTS10_B1_17,70,"G151A, A335G, T372C, T909C, T915C, A936G, T1101C",7,"A51T, E112G","T372C, T909C, T915C, A936G, T1101C",2
HTS10_B1_19,77,"T57C, G151A, T289C, A965G",4,"A51T, D322G","T57C, T289C",2
HTS10_B1_20,83,C152T,1,A51V,,1
HTS10_B1_22,69,"C152T, G581A, G823A",3,"A51V, G194D, A275T",,3
HTS10_B1_24,107,"G151A, C161T, A565G, T709C, T718C, G964A",6,"A51T, A54V, T189A, D322N","T709C, T718C",4
HTS10_B1_4,92,"G151A, T636C, T842C",3,"A51T, V281A",T636C,2
HTS10_B1_5,96,"C152T, G581A, G823A",3,"A51V, G194D, A275T",,3
HTS10_B1_6,122,"C152T, G823A, C1011T",3,"A51V, A275T",C1011T,2
HTS10_B4_10,74,"G151A, G998T, T1089C",3,"A51T, C333F",T1089C,2
HTS10_B4_11,37,"G151A, T860C",2,"A51T, V287A",,2
HTS10_B4_12,55,"C152T, T536C, T763C, G823A",4,"A51V, V179A, S255P, A275T",,4
HTS10_B4_13,63,"G151A, T860C, T904C",3,"A51T, V287A",T904C,2
HTS10_B4_14,44,"G151A, G823A, G998T, T1089C",4,"A51T, A275T, C333F",T1089C,3
HTS10_B4_15,96,"G151A, C161T, T709C, G998T, T1089C",5,"A51T, A54V, C333F","T709C, T1089C",3
HTS10_B4_16,11,WT,0,WT,,0
HTS10_B4_17,120,"G151A, T564C, T763C, G823A",4,"A51T, S255P, A275T",T564C,3
HTS10_B4_18,17,"C152T, T388C, C413T, A750G, G823A, T860C",6,"A51V, Y130H, T138I, A275T, V287A",A750G,5
HTS10_B4_1,13,G823A,1,A275T,,1
HTS10_B4_20,78,"C152T, T304C, T687C, T693C, G823A",5,"A51V, A275T","T304C, T687C, T693C",2
HTS10_B4_22,102,"T69C, G151A, T373C, T860C",4,"A51T, V287A","T69C, T373C",2
HTS10_B4_23,144,"T321C, T548C",2,I183T,T321C,1
HTS10_B4_2,12,G151A,1,A51T,,1
HTS10_B4_4,139,"C152T, A389G, G823A",3,"A51V, Y130C, A275T",,3
HTS10_B4_5,90,"T78C, T103C, G151A, A295G, G998T, T1089C",6,"S35P, A51T, T99A, C333F","T78C, T1089C",4
HTS10_B4_6,145,"C152T, G823A",2,"A51V, A275T",,2
HTS10_B4_7,78,"C152T, G722A, T927C",3,"A51V, R241K",T927C,2
HTS10_B4_9,14,"G151A, C255T",2,A51T,C255T,1
HTS10_B5_10,29,"T150C, G151A, T219C, T298C",4,"A51T, S100P","T150C, T219C",2
HTS10_B5_11,33,"C152T, T860C, A874G",3,"A51V, V287A, R292G",,3
HTS10_B5_12,27,"G151A, T204C, T271C, T403C, T974C",5,"A51T, S135P, F325S","T204C, T271C",3
HTS10_B5_13,44,"G151A, T652C",2,"A51T, F218L",,2
HTS10_B5_14,81,"C152T, G823A",2,"A51V, A275T",,2
HTS10_B5_16,69,"G151A, T180C, T210C, G823A",4,"A51T, A275T","T180C, T210C",2
HTS10_B5_17,71,"G151A, T210C, C413T, G535A, C545A, G823A, T1077C",7,"A51T, T138I, V179I, P182Q, A275T","T210C, T1077C",5
HTS10_B5_19,52,"G151A, T210C, C343T, A392G, T1077C",5,"A51T, P115S, N131S","T210C, T1077C",3
HTS10_B5_20,61,"G151A, T210C, A392G, T557C, T776C, T1077C",6,"A51T, N131S, M186T, I259T","T210C, T1077C",4
HTS10_B5_21,49,"G151A, T210C, A392G",3,"A51T, N131S",T210C,2
HTS10_B5_22,40,"G151A, T210C, A392G, T994C",4,"A51T, N131S","T210C, T994C",2
HTS10_B5_23,22,"G151A, A392G, A418G, G823A, T915C, T1101C",6,"A51T, N131S, T140A, A275T","T915C, T1101C",4
HTS10_B5_24,42,"G151A, T210C, A392G, T1034C, T1077C",5,"A51T, N131S, F345S","T210C, T1077C",3
HTS10_B5_2,16,G151A,1,A51T,,1
HTS10_B5_3,65,"G151A, T1027C",2,"A51T, S343P",,2
HTS10_B5_5,33,"G151A, T185C, A565G, T915C, T1077C",5,"A51T, V62A, T189A","T915C, T1077C",3
HTS10_B5_8,119,G151A,1,A51T,,1
HTS10_B5_9,33,"G151A, G553A, G964A",3,"A51T, V185I, D322N",,3
HTS10_B6_10,47,"C152T, T249C, G823A",3,"A51V, A275T",T249C,2
HTS10_B6_13,44,"G151A, T203C, T860C",3,"A51T, V68A, V287A",,3
HTS10_B6_14,18,"C152T, G823A",2,"A51V, A275T",,2
HTS10_B6_15,61,"T66C, G151A, T189C",3,A51T,"T66C, T189C",1
HTS10_B6_16,35,"C225T, T456C, T860C",3,V287A,"C225T, T456C",1
HTS10_B6_17,63,"G151A, T289C, T316C, T509C, T639C",5,"A51T, S106P, I170T","T289C, T639C",3
HTS10_B6_18,44,"G151A, T189C, T860C",3,"A51T, V287A",T189C,2
HTS10_B6_19,13,"G151A, G823A",2,"A51T, A275T",,2
HTS10_B6_1,93,"A68G, G76A, T373C, T860C",4,"Y23C, A26T, V287A",T373C,3
HTS10_B6_20,54,"T66C, G151A, T189C, T860C",4,"A51T, V287A","T66C, T189C",2
HTS10_B6_21,146,"T66C, G151A, T189C, G823A",4,"A51T, A275T","T66C, T189C",2
HTS10_B6_22,39,"C152T, G705A, G823A",3,"A51V, A275T",G705A,2
HTS10_B6_23,61,"T66C, G151A, T189C",3,A51T,"T66C, T189C",1
HTS10_B6_24,42,"A68G, G76A, T860C",3,"Y23C, A26T, V287A",,3
HTS10_B6_2,11,"C152T, G823A",2,"A51V, A275T",,2
HTS10_B6_4,46,T136C,1,WT,T136C,0
HTS10_B6_5,48,"T27C, G151A, T312C, G330T, A1072G, T1074C",6,"A51T, L110F, T358A","T27C, T312C",3
HTS10_B6_6,52,G151A,1,A51T,,1
HTS10_B6_7,51,"T47C, G151A, C293T, T616C, T709C, T860C",6,"F16S, A51T, A98V, S206P, V287A",T709C,5
HTS10_B6_8,48,"G151A, T288C",2,A51T,T288C,1
HTS10_B6_9,36,G151A,1,A51T,,1
HTS10_C1_10,98,"G151A, T860C",2,"A51T, V287A",,2
HTS10_C1_11,41,"G151A, A220G, T866C",3,"A51T, I74V, I289T",,3
HTS10_C1_12,17,"G151A, G367A, G586A, G823A",4,"A51T, A123T, V196I, A275T",,4
HTS10_C1_13,28,"T321C, G586A, T813C",3,V196I,"T321C, T813C",1
HTS10_C1_14,79,"G151A, T204C, T843C",3,A51T,"T204C, T843C",1
HTS10_C1_15,54,"G151A, G586A, T834C",3,"A51T, V196I",T834C,2
HTS10_C1_16,40,"G151A, A389G, G823A",3,"A51T, Y130C, A275T",,3
HTS10_C1_17,76,G151A,1,A51T,,1
HTS10_C1_18,52,T860C,1,V287A,,1
HTS10_C1_19,56,"G151A, G823A",2,"A51T, A275T",,2
HTS10_C1_1,94,"G151A, T409C, T860C",3,"A51T, F137L, V287A",,3
HTS10_C1_21,63,"G151A, T630C",2,A51T,T630C,1
HTS10_C1_22,41,G151A,1,A51T,,1
HTS10_C1_2,69,"C152T, G586A, T843C",3,"A51V, V196I",T843C,2
HTS10_C1_3,75,"T198C, T921C, G1075A",3,A359T,"T198C, T921C",1
HTS10_C1_4,102,"G151A, T304C, T522C",3,A51T,"T304C, T522C",1
HTS10_C1_5,80,"G151A, T409C, T1023C",3,"A51T, F137L",T1023C,2
HTS10_C1_6,64,"G151A, T289C, T304C, G823A",4,"A51T, A275T","T289C, T304C",2
HTS10_C1_8,79,"T136C, G151A, G586A, G823A, T879C",5,"A51T, V196I, A275T","T136C, T879C",3
HTS10_C1_9,99,"G151A, T304C",2,A51T,T304C,1
HTS10_C3_11,37,"T69C, C152T, T860C, T909C",4,"A51V, V287A","T69C, T909C",2
HTS10_C3_12,83,"G151A, T456C, T587C, G823A",4,"A51T, V196A, A275T",T456C,3
HTS10_C3_13,40,"C152T, A295G",2,"A51V, T99A",,2
HTS10_C3_14,56,"G151A, T316C, G330T, T503C, A1091G",5,"A51T, S106P, L110F, I168T, D364G",,5
HTS10_C3_15,45,"G151A, G274C, T450C, T468C, T860C, T909C",6,"A51T, A92P, V287A","T450C, T468C, T909C",3
HTS10_C3_16,27,"G151A, T564C, T703C",3,A51T,"T564C, T703C",1
HTS10_C3_17,40,"C152T, G823A",2,"A51V, A275T",,2
HTS10_C3_18,69,C152T,1,A51V,,1
HTS10_C3_20,48,"C152T, T388C, C413T, T672C, T794C, T909C",6,"A51V, Y130H, T138I, V265A","T672C, T909C",4
HTS10_C3_21,61,"C152T, G823A",2,"A51V, A275T",,2
HTS10_C3_22,48,"A111T, G151A, T219C, A238G, T388C, T630C, T860C, T909C, A1072G",9,"A51T, M80V, Y130H, V287A, T358A","A111T, T219C, T630C, T909C",5
HTS10_C3_24,46,"G116A, G151A, T249C, T316C, G330T, C826T, T834C, T879C, T1027C",9,"G39D, A51T, S106P, L110F, P276S, S343P","T249C, T834C, T879C",6
HTS10_C3_2,56,"G151A, T860C, T870C, T909C",4,"A51T, V287A","T870C, T909C",2
HTS10_C3_3,60,"C152T, T403C, G823A, A878G",4,"A51V, S135P, A275T, D293G",,4
HTS10_C3_4,13,"C152T, T185C, T697C, A749G, T909C, T1095C",6,"A51V, V62A, Y233H, K250R","T909C, T1095C",4
HTS10_C3_5,57,"G151A, T860C, T909C",3,"A51T, V287A",T909C,2
HTS10_C3_6,40,"C152T, A1003G",2,"A51V, K335E",,2
HTS10_C3_7,69,"T85C, G151A, G207A, G350A, A631G",5,"S29P, A51T, G117D, T211A",G207A,4
HTS10_C3_8,38,"T78C, T136C, C152T, T456C, T860C, T909C",6,"A51V, V287A","T78C, T136C, T456C, T909C",2
HTS10_C3_9,82,"C152T, T672C, T1030C, A1091G",4,"A51V, S344P, D364G",T672C,3
HTS10_C4_10,64,"T51C, T78C, C152T, G175A, A525G, G823A, T1009C",7,"A51V, V59I, A275T, C337R","T51C, T78C, A525G",4
HTS10_C4_12,122,C152T,1,A51V,,1
HTS10_C4_14,13,C152T,1,A51V,,1
HTS10_C4_15,139,"T78C, T141C, C152T, G175A, G823A, G998T, T1089C",7,"A51V, V59I, A275T, C333F","T78C, T141C, T1089C",4
HTS10_C4_16,12,"G151A, G823A",2,"A51T, A275T",,2
HTS10_C4_17,169,"C152T, G175A, G823A, T870C, T1009C",5,"A51V, V59I, A275T, C337R",T870C,4
HTS10_C4_18,186,"C152T, G967A, T1095C",3,"A51V, E323K",T1095C,2
HTS10_C4_19,10,G151A,1,A51T,,1
HTS10_C4_20,19,"T78C, C152T, G175A, G823A, T1009C",5,"A51V, V59I, A275T, C337R",T78C,4
HTS10_C4_21,10,G151A,1,A51T,,1
HTS10_C4_22,139,"T78C, C152T, G175A, T744C, T794C, G823A, T1009C",7,"A51V, V59I, V265A, A275T, C337R","T78C, T744C",5
HTS10_C4_24,129,"T93C, C152T, C302T, G823A, C901T, T1009C",6,"A51V, T101I, A275T, H301Y, C337R",T93C,5
HTS10_C4_2,140,"T78C, C152T, G175A, T537C",4,"A51V, V59I","T78C, T537C",2
HTS10_C4_3,149,"T78C, C152T, G175A, A591G, G823A, T1009C",6,"A51V, V59I, A275T, C337R","T78C, A591G",4
HTS10_C4_4,127,"G151A, T388C, G823A, C1007T",4,"A51T, Y130H, A275T, P336L",,4
HTS10_C4_5,10,"C152T, G823A",2,"A51V, A275T",,2
HTS10_C4_6,119,"G151A, C161T, T380C, G823A",4,"A51T, A54V, I127T, A275T",,4
HTS10_C4_7,80,"T129C, G218C, T870C, T1023C",4,G73A,"T129C, T870C, T1023C",1
HTS10_C4_8,77,"T78C, C152T, G175A, T517C, G823A, T1009C",6,"A51V, V59I, W173R, A275T, C337R",T78C,5
HTS10_C4_9,27,"C152T, G823A",2,"A51V, A275T",,2
HTS10_C6_10,122,"G151A, C161T, T189C, T523C, T540C, T815C, T1023C, T1101C",8,"A51T, A54V, V272A","T189C, T523C, T540C, T1023C, T1101C",3
HTS10_C6_11,93,"T78C, C152T, A353G, T555C, G823A",5,"A51V, E118G, A275T","T78C, T555C",3
HTS10_C6_12,132,"G151A, T521C, G539A, G823A",4,"A51T, V174A, G180D, A275T",,4
HTS10_C6_13,176,"G151A, T189C, G218T",3,"A51T, G73V",T189C,2
HTS10_C6_14,128,"C152T, T346C, T456C, T517C, T763C",5,"A51V, F116L, W173R, S255P",T456C,4
HTS10_C6_15,52,"G151A, T1014C, G1075A",3,"A51T, A359T",T1014C,2
HTS10_C6_16,98,"G151A, T189C, G218T",3,"A51T, G73V",T189C,2
HTS10_C6_17,125,"T78C, C152T, G823A",3,"A51V, A275T",T78C,2
HTS10_C6_18,61,"G151A, A353G, G823A, T934C",4,"A51T, E118G, A275T, S312P",,4
HTS10_C6_19,127,"G151A, T450C, T843C",3,A51T,"T450C, T843C",1
HTS10_C6_20,111,"T69C, G151A, T791C, T916C",4,"A51T, L264S","T69C, T916C",2
HTS10_C6_22,172,"G76A, C152T, G823A",3,"A26T, A51V, A275T",,3
HTS10_C6_23,138,"G151A, T1053C",2,A51T,T1053C,1
HTS10_C6_24,113,"C152T, G823A",2,"A51V, A275T",,2
HTS10_C6_2,153,"C152T, G823A",2,"A51V, A275T",,2
HTS10_C6_3,152,"C152T, T622C",2,"A51V, Y208H",,2
HTS10_C6_4,65,"G151A, T456C, G471A, T813C",4,A51T,"T456C, G471A, T813C",1
HTS10_C6_5,11,G151A,1,A51T,,1
HTS10_C6_6,13,WT,0,WT,,0
HTS10_C6_7,128,"T78C, C152T, T304C",3,A51V,"T78C, T304C",1
HTS10_C6_8,10,"G151A, G823A",2,"A51T, A275T",,2
HTS10_C6_9,115,"G151A, T189C, G218T, T224C, T994C",5,"A51T, G73V, V75A","T189C, T994C",3
HTS10_D1_10,81,"G151A, T312C, T555C, C759T, T1080C",5,A51T,"T312C, T555C, C759T, T1080C",1
HTS10_D1_11,52,"T73C, C152T, T312C, T1089C",4,"S25P, A51V","T312C, T1089C",2
HTS10_D1_12,106,"G292C, T598C",2,A98P,T598C,1
HTS10_D1_13,20,"T90C, G151A, T904C",3,A51T,"T90C, T904C",1
HTS10_D1_14,114,"G151A, C293T, T523C",3,"A51T, A98V",T523C,2
HTS10_D1_15,82,"G151A, T816C",2,A51T,T816C,1
HTS10_D1_16,86,"G151A, T312C, T555C, C759T",4,A51T,"T312C, T555C, C759T",1
HTS10_D1_17,121,"T90C, G151A, C293T, T372C, T904C",5,"A51T, A98V","T90C, T372C, T904C",2
HTS10_D1_18,92,G151A,1,A51T,,1
HTS10_D1_19,91,"A35G, G151A, C413T, T849C",4,"Q12R, A51T, T138I",T849C,3
HTS10_D1_1,135,"G151A, T312C, T555C, T849C",4,A51T,"T312C, T555C, T849C",1
HTS10_D1_21,123,"A35G, G151A, C413T, T849C",4,"Q12R, A51T, T138I",T849C,3
HTS10_D1_22,107,"T90C, G151A, C293T, T904C",4,"A51T, A98V","T90C, T904C",2
HTS10_D1_23,78,T598C,1,WT,T598C,0
HTS10_D1_24,28,"G151A, T177C, A335G, T469C, G553A, T849C, T1030C, T1089C",8,"A51T, E112G, V185I, S344P","T177C, T469C, T849C, T1089C",4
HTS10_D1_2,71,"T90C, G151A, C293T, T703C, T1080C",5,"A51T, A98V","T90C, T703C, T1080C",2
HTS10_D1_3,13,"G151A, T312C, T555C, T849C",4,A51T,"T312C, T555C, T849C",1
HTS10_D1_4,111,"G151A, T312C, T555C, C759T, T1080C",5,A51T,"T312C, T555C, C759T, T1080C",1
HTS10_D1_5,101,"T90C, G151A, C293T, T697C",4,"A51T, A98V, Y233H",T90C,3
HTS10_D1_7,93,"G151A, T312C, T555C, C759T",4,A51T,"T312C, T555C, C759T",1
HTS10_D1_8,122,"T90C, G151A, T289C, G823A",4,"A51T, A275T","T90C, T289C",2
HTS10_D1_9,24,"G151A, T650C, T1080C",3,"A51T, V217A",T1080C,2
HTS10_D2_11,61,"C152T, T598C, C1011T",3,A51V,"T598C, C1011T",1
HTS10_D2_13,107,"G151A, T363C, A473G, T554C",4,"A51T, D158G, V185A",T363C,3
HTS10_D2_14,76,G151A,1,A51T,,1
HTS10_D2_15,61,G823A,1,A275T,,1
HTS10_D2_16,126,"C152T, T994C",2,A51V,T994C,1
HTS10_D2_17,74,"G151A, C320G, T1101C",3,"A51T, A107G",T1101C,2
HTS10_D2_18,62,"T450C, T564C, G967A, C1058T",4,"E323K, A353V","T450C, T564C",2
HTS10_D2_19,143,WT,0,WT,,0
HTS10_D2_1,97,"G33A, T450C, T564C, T1056C",4,WT,"G33A, T450C, T564C, T1056C",0
HTS10_D2_20,17,"C152T, A220G, G330T, T469C, T733C, G823A, G967A, C1058T",8,"A51V, I74V, L110F, A275T, E323K, A353V","T469C, T733C",6
HTS10_D2_21,135,"G151A, T534C, T622C, C1058T",4,"A51T, Y208H, A353V",T534C,3
HTS10_D2_22,149,"G64A, G151A, T763C",3,"A22T, A51T, S255P",,3
HTS10_D2_2,107,"G76A, C152T, T622C, G742A, G823A, G1063T",6,"A26T, A51V, Y208H, G248S, A275T, E355*",,6
HTS10_D2_4,99,"T81C, C152T, G751A, T849C",4,"A51V, E251K","T81C, T849C",2
HTS10_D2_5,89,"C152T, T911C, C1058T",3,"A51V, I304T, A353V",,3
HTS10_D2_6,113,"G151A, T870C, T1056C",3,A51T,"T870C, T1056C",1
HTS10_D2_7,127,"G151A, T554C, G823A",3,"A51T, V185A, A275T",,3
HTS10_D2_8,111,"G151A, G375A, T651C, T687C, T813C",5,A51T,"G375A, T651C, T687C, T813C",1
HTS10_D2_9,102,"G151A, T444C",2,A51T,T444C,1
WT1,188,WT,0,WT,,0
WT2,214,WT,0,WT,,0
WT3,215,WT,0,WT,,0
WT4,213,WT,0,WT,,0
