barcode,condition,NT_substitutions,NT_substitutions_count,syn_count,nonsyn_count,AA_substitutions_nonsynonymous,AA_substitutions_synonymous
SNC-80_01,-3AT,T63C,1,1,0,,D21
SNC-80_02,-3AT,"A1064G, T1089C",2,1,1,E355G,S363
SNC-80_03,-3AT,,0,0,0,,
SNC-80_04,-3AT,T1089C,1,1,0,,S363
SNC-80_05,-3AT,,0,0,0,,
SNC-80_06,-3AT,"G452A, T548C, T952C",3,0,3,"C151Y, I183T, Y318H",
SNC-80_07,-3AT,"G160C, A844G",2,0,2,"A54P, I282V",
SNC-80_08,-3AT,T1089C,1,1,0,,S363
SNC-80_09,-3AT,T1089C,1,1,0,,S363
SNC-80_10,-3AT,"C34T, G151A, T630C T1044C",4,2,2,"Q12*, A51T","D210, A348"
SNC-80_11,-3AT,T1089C,1,1,0,,S363
SNC-80_12,-3AT,T1089C,1,1,0,,S363
SNC-80_13,-3AT,T285C T1089C,2,2,0,,"D95, S363"
SNC-80_14,-3AT,T921C,1,1,0,,G307
SNC-80_15,-3AT,T1089C,1,1,0,,S363
SNC-80_16,-3AT,,0,0,0,,
SNC-80_17,-3AT,T1089C,1,1,0,,S363
SNC-80_18,-3AT,T1089C,1,1,0,,S363
SNC-80_19,-3AT,T133C T1023C,2,1,1,S45P,D341
SNC-80_20,-3AT,T1089C,1,1,0,,S363
SNC-80_21,-3AT,"T103C, T630C T1089C",3,2,1,S35P,"D210, S363"
SNC-80_22,-3AT,"T129C, T358C, A675G, T957C T1089C",5,5,0,,"A43, L120, P225, A319, S363"
SNC-80_23,-3AT,"T129C, T850C T1089C",3,2,1,W284R,"A43, S363"
SNC-80_24,-3AT,T1089C,1,1,0,,S363
SNC-80_25,-3AT,T1089C,1,1,0,,S363
SNC-80_26,-3AT,T1089C,1,1,0,,S363
SNC-80_27,-3AT,T1089C,1,1,0,,S363
SNC-80_28,-3AT,T1089C,1,1,0,,S363
SNC-80_29,-3AT,T1089C,1,1,0,,S363
SNC-80_30,-3AT,,0,0,0,,
SNC-80_31,-3AT,"T48A, G151A, T198C, A992G",4,1,3,"F16L, A51T, Q331R",G66
SNC-80_32,-3AT,T1089C,1,1,0,,S363
SNC-80_33,-3AT,"A965G T1023C, T1053C, C1058G, T1089C",5,3,2,"D322G, A353G","D341, A351, S363"
SNC-80_34,-3AT,,0,0,0,,
SNC-80_35,-3AT,T1089C,1,1,0,,S363
SNC-80_36,-3AT,,0,0,0,,
SNC-80_37,-3AT,T1089C,1,1,0,,S363
SNC-80_38,-3AT,,0,0,0,,
SNC-80 + 2.5mM 3AT_01,+3AT,A220G T1014C,2,1,1,I74V,G338
SNC-80 + 2.5mM 3AT_02,+3AT,"T73C, G423A, A853G",3,0,3,"S25P, M141I, T285A",
SNC-80 + 2.5mM 3AT_03,+3AT,T1089C,1,1,0,,S363
SNC-80 + 2.5mM 3AT_04,+3AT,,0,0,0,,
SNC-80 + 2.5mM 3AT_05,+3AT,T1089C,1,1,0,,S363
SNC-80 + 2.5mM 3AT_06,+3AT,T763C T1089C,2,1,1,S255P,S363
SNC-80 + 2.5mM 3AT_07,+3AT,"G151A, T203C, G342A, T704C",4,0,4,"A51T, V68A, W114*, L235S",
SNC-80 + 2.5mM 3AT_08,+3AT,T489C,1,1,0,,"A163, "
SNC-80 + 2.5mM 3AT_09,+3AT,G292C,1,0,1,A98P,
SNC-80 + 2.5mM 3AT_10,+3AT,"A242G, T289C",2,1,1,K81R,L97
SNC-80 + 2.5mM 3AT_11,+3AT,T1089C,1,1,0,,S363
SNC-80 + 2.5mM 3AT_12,+3AT,T1089C,1,1,0,,S363
SNC-80 + 2.5mM 3AT_13,+3AT,T1089C,1,1,0,,S363
SNC-80 + 2.5mM 3AT_14,+3AT,T1089C,1,1,0,,S363
SNC-80 + 2.5mM 3AT_15,+3AT,"T310C, T728C, A965G",3,0,3,"F104L, V243A, D322G",
SNC-80 + 2.5mM 3AT_16,+3AT,T133C T1089C,2,1,1,S45P,S363
SNC-80 + 2.5mM 3AT_17,+3AT,"A226G, T422C, T630C T1089C",4,2,2,"R76G, M141T","D210, S363"
SNC-80 + 2.5mM 3AT_18,+3AT,T630C T1089C,2,2,0,,"D210, S363"
SNC-80 + 2.5mM 3AT_19,+3AT,,0,0,0,,
SNC-80 + 2.5mM 3AT_20,+3AT,,0,0,0,,
SNC-80 + 2.5mM 3AT_21,+3AT,T1089C,1,1,0,,S363
SNC-80 + 2.5mM 3AT_22,+3AT,,0,0,0,,
SNC-80 + 2.5mM 3AT_23,+3AT,"A623G, A923G C1058T, T1089C",4,1,3,"Y208C, Y308C, A353V",S363
SNC-80 + 2.5mM 3AT_24,+3AT,"G151A, T282C, T684C T1089C",4,3,1,A51T,"A94, I228, S363"
SNC-80 + 2.5mM 3AT_25,+3AT,T1089C,1,1,0,,S363
SNC-80 + 2.5mM 3AT_26,+3AT,,0,0,0,,
SNC-80 + 2.5mM 3AT_27,+3AT,"T81C, G367A, T398C T1089C",4,2,2,"A123T, F133S","F27, S363"
SNC-80 + 2.5mM 3AT_28,+3AT,"T509C, T630C, T870C, A1002G",4,3,1,I170T,"D210, D290, R334"
SNC-80 + 2.5mM 3AT_29,+3AT,"G151A A1039G, T1089C",3,1,2,"A51T, R347G",S363
SNC-80 + 2.5mM 3AT_30,+3AT,"T79C, T219C, T630C",3,2,1,F27L,"G73, D210"
SNC-80 + 2.5mM 3AT_31,+3AT,"A114T, G466A",2,1,1,A156T,P38
SNC-80 + 2.5mM 3AT_32,+3AT,T321C T1089C,2,2,0,,"A107, S363"
SNC-80 + 2.5mM 3AT_33,+3AT,T1089C,1,1,0,,S363
SNC-80 + 2.5mM 3AT_34,+3AT,T1089C,1,1,0,,S363
SNC-80 + 2.5mM 3AT_35,+3AT,"G151A, T297C, A602G",3,1,2,"A51T, Q201R","T99, "
SNC-80 + 2.5mM 3AT_36,+3AT,"G151A, G292A, T297C, A602G",4,1,3,"A51T, A98T, Q201R","T99, "
SNC-80 + 2.5mM 3AT_37,+3AT,"T141C, G151A, T297C, T372C, A602G, T656C",6,3,3,"A51T, Q201R, L219S","A47, T99, V124"
SNC-80 + 2.5mM 3AT_38,+3AT,"T297C, T372C, A602G",3,2,1,Q201R,"T99, V124"
SNC-80 + 2.5mM 3AT_39,+3AT,"T69C, T141C, G151A, T297C, A434G, G445A, T469C, T630C",8,5,3,"A51T, D145G, A149T","Y23, A47, T99, L157, D210"
SNC-80 + 2.5mM 3AT_40,+3AT,"G151A, T297C, T598C, A878G",4,2,2,"A51T, D293G","T99, L200"
SNC-80 + 2.5mM 3AT_41,+3AT,"G151A, T297C, A602G",3,1,2,"A51T, Q201R",T99
SNC-80 + 2.5mM 3AT_42,+3AT,"G151A, A602G",2,0,2,"A51T, Q201R",
SNC-80 + 2.5mM 3AT_43,+3AT,"G151A, A602G",2,0,2,"A51T, Q201R",
SNC-80 _39,-3AT,,0,0,0,,
SNC-80 _40,-3AT,"T450C, T543C T1089C",3,3,0,,"V150, V181, S363"
SNC-80 _41,-3AT,T1089C,1,1,0,,S363
SNC-80 _42,-3AT,,0,0,0,,
SNC-80 _43,-3AT,"T176C, T210C",2,1,0,V59A,V70 
SNC-80 _44,-3AT,,0,0,1,,
SNC-80 _45,-3AT,T1089C,1,1,0,,S363
SNC-80 _46,-3AT,,0,0,0,,
SNC-80 _47,-3AT,"T347C, A565G, T820C",3,0,0,"F116S, T189A, W274R",
SNC-80 _48,-3AT,"T103C, T117C T1087C",3,1,3,"S35P, S363P","G39, "
SNC-80 _49,-3AT,"T24C, T916C T1089C",3,3,2,,"G8, L306, S363"
SNC-80 _50,-3AT,"T656C, A717T",2,0,0,"L219S, R239S",
SNC-80 _51,-3AT,T1089C,1,1,2,,S363
SNC-80 _52,-3AT,,0,0,0,,
SNC-80 _53,-3AT,T843C,1,1,0,,V281
SNC-80 _54,-3AT,,0,0,0,,
SNC-80 _55,-3AT,T1089C,1,1,0,,S363
SNC-80 _56,-3AT,T1089C,1,1,0,,S363
SNC-80 _57,-3AT,"T671C, C740T T1089C",3,1,0,"V224A, S247F",S363
SNC-80 _58,-3AT,T1089C,1,1,2,,S363
SNC-80 _59,-3AT,,0,0,0,,
SNC-80 _60,-3AT,T1089C,1,1,0,,S363
SNC-80 _61,-3AT,T1089C,1,1,0,,S363
SNC-80 _62,-3AT,T1089C,1,1,0,,S363
SNC-80 _63,-3AT,,0,0,0,,
SNC-80 _64,-3AT,"T630C, A774G T1089C",3,3,0,,"D210, R258, S363"
SNC-80 _65,-3AT,"A455G T1074C, T1089C",3,2,0,H152R,"T358, S363"
SNC-80 _66,-3AT,,0,0,1,,
SNC-80 _67,-3AT,,0,0,0,,
SNC-80 _68,-3AT,,0,0,0,,
SNC-80 _69,-3AT,T1089C,1,1,0,,S363
SNC-80 _70,-3AT,,0,0,0,,
SNC-80 _71,-3AT,,0,0,0,,
SNC-80 _72,-3AT,T1089C,1,1,0,,S363
SNC-80 _73,-3AT,"T141C, G151A, T176C, T297C T1089C",5,3,0,"A51T, V59A","A47, T99, S363"
SNC-80 _74,-3AT,"T54C, T311C, A473G, T860C, G913A",5,1,2,"F104S, D158G, V287A, A305T","N18, "
SNC-80 _75,-3AT,A965G,1,0,4,D322G,
SNC-80 _76,-3AT,,0,0,1,,
SNC-80 + 2.5mM 3AT_44,+3AT,T85C,1,0,0,S29P,
SNC-80 + 2.5mM 3AT_45,+3AT,"C275T, T311C",2,0,1,"A92V, F104S",
SNC-80 + 2.5mM 3AT_46,+3AT,,0,0,2,,
SNC-80 + 2.5mM 3AT_47,+3AT,T616C,1,0,0,S206P,
SNC-80 + 2.5mM 3AT_48,+3AT,"C453T, T709C T1089C",3,3,1,,"C151, L237, S363"
SNC-80 + 2.5mM 3AT_49,+3AT,C926T,1,0,0,A309V,
SNC-80 + 2.5mM 3AT_50,+3AT,"G586C, T630C",2,1,1,V196L,D210
SNC-80 + 2.5mM 3AT_51,+3AT,,0,0,1,,
SNC-80 + 2.5mM 3AT_52,+3AT,"G151A, G541A, G634A, A953G",4,0,0,"A51T, V181I, V212I, Y318C",
SNC-80 + 2.5mM 3AT_53,+3AT,,0,0,4,,
SNC-80 + 2.5mM 3AT_54,+3AT,,0,0,0,,
SNC-80 + 2.5mM 3AT_55,+3AT,T1089C,1,1,0,,S363
SNC-80 + 2.5mM 3AT_56,+3AT,,0,0,0,,
SNC-80 + 2.5mM 3AT_57,+3AT,,0,0,0,,
SNC-80 + 2.5mM 3AT_58,+3AT,T921C,1,1,0,,"G307, "
SNC-80 + 2.5mM 3AT_59,+3AT,,0,0,0,,
SNC-80 + 2.5mM 3AT_60,+3AT,,0,0,0,,
SNC-80 + 2.5mM 3AT_61,+3AT, T1089C,1,1,0,,S363
SNC-80 + 2.5mM 3AT_62,+3AT,,0,0,0,,
SNC-80 + 2.5mM 3AT_63,+3AT,T1089C,1,1,0,,S363
SNC-80 + 2.5mM 3AT_64,+3AT,"G492T, C864T",2,1,0,K164N,D288
SNC-80 + 2.5mM 3AT_65,+3AT,,0,0,1,,
SNC-80 + 2.5mM 3AT_66,+3AT,T1089C,1,1,0,,S363
SNC-80 + 2.5mM 3AT_67,+3AT,"C152T, T288C, T610C, T658C, G793A",5,1,0,"A51V, S204P, F220L, V265I","A96, "
SNC-80 + 2.5mM 3AT_68,+3AT,T1089C,1,1,4,,S363
SNC-80 + 2.5mM 3AT_69,+3AT,"A364G, A771G T1089C",3,2,0,K122E,"R257, S363"
SNC-80 + 2.5mM 3AT_70,+3AT,"T183C, T909C T1070C, T1089C",4,3,1,V357A,"A61, C303, S363"
SNC-80 + 2.5mM 3AT_71,+3AT,T1089C,1,1,1,,S363
SNC-80 + 2.5mM 3AT_72,+3AT,T830C T1089C,2,1,0,I277T,S363
SNC-80 + 2.5mM 3AT_73,+3AT,T1089C,1,1,1,,S363
SNC-80 + 2.5mM 3AT_74,+3AT,"A602G, T728C T1089C",3,1,0,"Q201R, V243A",S363
SNC-80 + 2.5mM 3AT_75,+3AT,"T141C, G151A, T219C, T297C, C307T, A602G, T616C",7,3,2,"A51T, P103S, Q201R, S206P","A47, G73, T99, "
SNC-80 + 2.5mM 3AT_76,+3AT,"G151A, T189C, T198C, T297C, T372C, A602G",6,4,4,"A51T, Q201R","G63, G66, T99, V124, "
SNC-80 + 2.5mM 3AT_77,+3AT,"G151A, T297C, A602G",3,1,2,"A51T, Q201R","T99, "
SNC-80 + 2.5mM 3AT_78,+3AT,"G151A, T297C, A602G",3,1,2,"A51T, Q201R","T99, "
SNC-80 + 2.5mM 3AT_79,+3AT,"T141C, G151A, T297C, T372C, T517C, T630C, A965G",7,4,2,"A51T, W173R, D322G","A47, T99, V124, D210 "
SNC-80 + 2.5mM 3AT_80,+3AT,"T141C, G151A, T297C, A602G",4,2,3,"A51T, Q201R","A47, T99"
